User ID	Username	Display Name	Namespaces
549350426642743297	cloverpepsi	cassiepepsi	default,dog,goop
727974839348101230	anartichoke_	AnArtichoke_	default
876001019526545418	themeyt	Theme	default,iso
190937778341543936	zettex	Zettex	default
638450315343167539	wholenote1	Whole	ctrp,default,dysk,grey's,joeman,minty,pride(rym),starsword,tri-blast,xenotwow(voii),murder
1142299235811864576	ctlaserdisc	ctlaserdisc	default,tdq2
444696172771147786	bissy.	biss	default,tdq2
457330033875353601	kinderdacat	Kinder	catworld,default,mineflex_k,neonth,iso
1377393115060502618	mayunderflowers	MayUnderFlowers	default,tdq2
409879334938083331	elevatorz89	elevatorz	default
919021141199319080	itsmearniwilson	arnim	default,tdq2,murder
376771597224116235	lemonvenom23	lemonvenom	default,tdq2,murder
426782798083260419	cereseries	Ceres	default,murder
271851145205514240	woooowoooo	woooowoooo	default
449227759160393730	leopardsun	Leah~	brat,default,furry,imp,mafia,pirate,tdq2,weed
277221996520013834	iteoti	iTeoti	default,murder
476226844585230337	earthenochre	Ochre	default
223628884124368897	sergeantsnivyalt	SergeantSnivyAlt	default
461941134340653078	itsbromii	bromii	default,tdq2,epic,zindragon,wolf,unknown,litmatsp
369122885517967381	vo_ii11	voii	default,tdq2,iso
627817658515193866	pengiquin	PengiQuin	default
1344576530667405312	zoobe.com	Reeses	default
1375617638935560192	aaronvx3	Aaron	default
493316614872236046	h3nry_s71ckm1n	h3nry	default,tdq2
264457402924007427	arnoobex	Arnoob	default,tdq2,murder
1270983055972241514	jeivc	thesoundsofHail // ü©µü©∑ü§çü©∑ü©µ	default
1177760970177790057	skippery45	skipp	default,murder
249941847944855552	catworld	Catworld	default,tdq2
1281836285748580387	lilacskiezz	lilac	default,depression
713443223850319905	re.emiau	reremiau !!	default,murder
657320138235838467	azim9999	Azim9999	default
223201675186274304	gizmote	Gizmote	default
820898152529657867	intersectingplanes	IntersectingPlanes	default,tdq2
1206119938897616957	triblast.	Tri-Blast	default,ico,creature,murder
926169364489728083	xnopytt	Xnopyt	default,tdq2,iso,alternative,twdow,lightningjelly
1024814311085981747	eduuu____	Edu	default,tdq2,tdq's,old,periodic
754431586815967284	losered	lose‚Üë	default
450030739476709378	adamanti	adamanti	default,neo,tdq2
691951136286048257	meid_ay	Mei	default
1171286357000343627	pinkmanpinkmanpinkman	pink man	default
641720160058867723	foxrish	Foxrish	default
950127196004028416	itzwynwyn	Wynter! ^w^	default
415708948449198080	mazuat	mazuat	default,tdq2,iso,murder
753973584665378948	0shahs0	Osha	default
850960811245305866	yoshipipe	Yoshipipe	default
757705059462152212	cheruxide	agds	default,murder
564357248411762689	jac4	Jac4	default,murder
818126079403098173	guythingy.	Tulsa Mewer	3d,default,fish
649461682036277248	normalben	normalben	default
272621951116247040	heronix	Heronix	default,uwu
892571651630305280	cloudyyskyess	CloudySkyes	default,murder
257207328451985408	drahgin	Raziki	default
1240206149366579222	fishontheinternetxd	Fish---Net	default
186984833136852993	thepinkbunnyempire	ThePinkBunnyEmpire	default,tdq2
548950427656388628	mofdroplets	mofdroplets	default
580036939625791528	pjplayzgames	pj	default,pjgamer,murder
748893593460277368	afasterslowpoke	AFasterSlowpoke	bakitor,default,tdq2
774458333318873108	flygamez	FlyGamez	default,murder
225075233038532608	verigold	Verigold	default,outhere,criss-cross,tdq2
426481348405100564	charito	Charito	default
719531067945517096	n_bonnie2	n_bonnie2	default,ewow-legacy
146439612284272640	alexlion0511	alexlion0511	default
833497276008759366	pingthaj	PingThaj	default
186599557482676224	joeartmaker	Joe Art Maker	default
1122617877174952047	st._rsight	starsight	default,tdq2
440878162151342101	justatoadbb	Just A Toad	default,tdq2,murder
523292723457949706	jaydene19248	jaydene19248	default
1050265798842777660	ball00000000	Ball	default
1033539838105882675	ribosphere	joeman	default,tdq2,iso
246787363437543425	x_ry	X_Ry	default,murder
959571277499228271	thecococquartz	TheCococQuartz	default
1085904046277267486	pairperbacks	Parallel Paperbacks	default,transparent
976827007931404298	8f84first454	JK0107	default
780014557795188746	mrmcmikey22	MrMcMikey22	default,tdq2
150791752825962497	smoov22	smoov	default
723927860133232640	flamingcrusader2	FlamingCrusader2	default
1331379224346497095	l1mest1ck_46	TheLimeStick	default,ewow,colon,smonc,redditor_old,twowfest5,secondary
1265406834806620235	guh707	Guh	default
738846746100367401	leiz123321	leiz	default,tdq2
1241903980091805807	inux_x	Inxux (>:3)	default
435081913489817600	cube492	Cube492	default,cube,tdq2temp
469679364414504961	coolgamer707	coolgamer707	default
693883717432639491	ameliorator83	Ameliorator	default
1217234139082657837	springymint	springymint	default
731557629457072148	convexprojects	Convex	default
1016202875057213500	justoons_	Justoons	default,tdq2
573295509360476170	sictoabu	sicto	default
1117992634640760925	_quindex	QuinDex	default
210285266814894081	misch13vous	misch13vous	default
1366256820645007430	golfballer14	Golf Ball (neutrality)	default
557462511327117312	heliosaxitro	HeliosAxitro	default
1270536703018532884	land.of_the.free	your resident presidnet	default,murder
924330225913974815	fluffydonut.	FluffyDonut	default
774440750423343104	how5316	How	default
1146550760482557952	umec0m0.disk	UmeC0MO-san	default
454065347218243584	rvtar34	rvtar34	default
582895586412462080	maglev0789	Maglev	default
618452080054632478	avocadoexists	Avocado	default,murder
1286905030867156992	talkatarrot	Talkatarrot	default
1128272280087167026	rainbowslimee	Slimey	default
1337223001112051723	nicogamerpro072080	Nico	default,nico
806077359543287858	rainwaves	rainwaves	default
592015443498237983	zaffricious	Navy	default
1389564295209291806	coolguy_63868	cool guy	default
721436198316539933	moralitea	Moralitea	default,tdq2
636039321857687562	random_rodger	Random_Rodger	default,ball,no0b,gem
655469640323039279	superbaconbro	superbaconbro	default,classic,retro,alumni,fox,bunny,mytag,xpgradient,iso,ptotbs
1333207918996230195	c00lkid123456789	c00lkidd	default
706172900121640970	quetzal.com	Quetzal	default
82629898316808192	sergeantsnivy	SergeantSnivy	default
384115715571187724	funo.	Funo'	default
598995970138570803	snoozingnewt	snoozingnewt	default
176006603277860865	8th	Catie	default,iso
740442874906148955	truthlessvannellope	Noelle/Anne	default
696804853418295426	yuakim	Yuakim	default
730832920687673405	sillycircus_atc	atctbclalala	default
767902032535093278	justanormalchomik	chomik	default,iso
1012853842418872390	eybhellollehbye	eyb	default,tdq2
609155620700160041	sbevenston	sbeve	default,iso,murder
321531420289794049	ixcors	Ixcors	default,murder
476241113892519949	notadonut_official	not a donut	default
637921982830084098	kilometersedgeworth	78001 ants	default
586671892346306560	nerdy.gal	78000 ants	default
1208041219834519582	ref32lockedout	Ruff :3 (2)	default,murder
677574661420351498	kuroucat	KuroCat	default
988841660672798731	terminatedslime	terminatedslime	default
241295589734612992	pokeleaf	Pok√©Leaf	default
489915910719668277	natesark	Lyndon B Johnson	default,bojackbookman
947185432905539615	ghxsthxst	Holly B Lou	default
137323449621151744	ilucuthen	Ilucuthen	default,murder,defaulttwo,chaosone,chaostwo,chaosthree,chaosfour
1241477097063452695	griffy_63	Griffy63	default
332235315781566469	tbdotwav	tbdotwav	default,twdow_icon,twdow_iconpng,twdow_default,response_record,vote_record,received,reminder,teamgoddessporridge,teamwenyunity
195713628748513280	haxolotl	haxolotl	default
1304831322644152407	locktheepic	Lock the Epic	default
699774145684308089	questionablefruit	Demi(?)	default
778429983567511593	tweeantelope784	Twee	default,murder
997544258062000281	ckoruss1421	cKoruss	default,mango,sit
1247295531441717310	reeeedst2	Reed	default,iso,murder
657357973978349578	swa4	Swa	default,iso
97744844947992576	notarock	notarock	default,iso
841718561315618826	teddyz368	Ted	default,twdow,murder
1301998122112647209	11valerie	11valerie	default,iso
1252631389447262268	coolberrybtc	Coolberry	default,coolberry_book_iso,coolberrybook20
547125505472725009	gsap	Gsap	default
668996026727792641	zixivyxity	Zixi	default
936900435380432937	the_tricolor	Tricolor	default,iso,twdow
189357134759067648	vortex83	chloe	default
194172794244825088	_kenzol	Kenzol	default,new_book
409746470586286096	eeveeluv	3eveeLuv	default
322153346020671488	lotusdom	dom	default
523943197487923230	nindragon	Nindragon471	default,storpididior,zindragondefault
465876756507918338	neonth_	q	default,q,iso,iso2,dead
1255699249329340469	themintdude392	TMR840	default
1337867615674171494	mylorium	Mylorium	default,iso,step-up,classikill
538449439594119169	builderbob291	BuilderBob291	default
454420507870363681	gap2003	Gap2003	default
551247358717853706	rey.cast	rey.cast	default,silly
1068934706713870507	ryantheraptor	TAR|Bandana	default
269206674831572992	twpaz	twpaz.	default
892598393229156414	mattter	cheyenne	default
1108464337246502992	oceanlizard_	OceanLizard	default
712664636079472652	snalgae	snalgae	default,murder
836976620727435344	marbles32	Marbles32	default
633304990076764160	mommamiahereigoagain	Momma	default
911374971455045663	perry.jpeg	Perry	default
1335333856437469194	itsmestarry	‚ú® Starr Light ‚ú®	default
843266568536064022	squishmallowsunited	Squish[mallow]sUnited	default
950647359459708999	poyopooper	PoyoPooper	default,poyoredacted
422836909287407626	marblecyde	MarbleCyde	default
622496664095031306	aub_rry	auberry	default,twdowbooksona
189315439870869504	trenerd	Trenerd	default
263370167000498177	plasmictrojan	Trojan	default
660967927113056257	iilyme	lyme	default
1292957585275621477	senjay2133	sanjay2133	default,murder
500497223738589199	socialmediaanxiety	SMA	default,tdq2
438304527372910602	murdertwow	Officer Mapurisa Sotrudnik	default,murder
812210651388313620	alotofboxes	alotofboxes	default,murder
302302314625105930	stoppin_octaman	Octaman	default,murder
1163028762468823050	s1nblitz	s1nblitz	default
797326578262605875	roobee_thebeepurr	Roobee	default,murder
677563806678908965	ringed.planet	beignet d'voiignon	default,murder
401745145302745090	purply_rhythm	Purply	default,murder
1387045092883300393	realcubesoft	Cubesoft	default
1231310623703437364	endawida_68375	Endawida	default
335849071430336514	acnacnacna	ACN	default
972279036543922217	fickledickledoo	fickledickledoo	default
712669234408456262	donttrustthebushes	DontTrustTheBushes	default,murder,old
930841364453810197	abhinavpaudel	James	default
808214730996842516	crazyblues	CrazyBlues	default,murder
1237506844503834756	thenot0rious_	infamousone_ [THANKSGIVING ARC]	default,murder
262343010916892673	zelo101	Zelo101	default,murder
403656017189011466	europebill	Europe Bill	default,murder
192095411631161354	andyman620	Andyman	default
1081422292065730570	rav3n110	Rav3n	default,murder